comparison,n,mean_paired_diff,ci95_low,ci95_high,wilcoxon_statistic,wilcoxon_p,note
Policy - Always-L0,4400,2.736237843868693e-05,1.410066795928981e-05,4.1156771836099174e-05,151435.0,4.425157806749826e-11,
Policy - Oracle,4400,-0.00030506214707610925,-0.000362354796869623,-0.000250407437305074,0.0,6.827764011761201e-138,
